<?xml version="1.0" encoding="utf-8"?>
<BlockDiagramDefaults>
  <SystemDefaults>
    <P Name="PaperType">A4</P>
    <P Name="PaperUnits">centimeters</P>
    <P Name="TiledPaperMargins">[1.270000, 1.270000, 1.270000, 1.270000]</P>
  </SystemDefaults>
  <AnnotationDefaults>
    <P Name="HorizontalAlignment">center</P>
    <P Name="VerticalAlignment">middle</P>
  </AnnotationDefaults>
  <MaskDefaults SelfModifiable="off">
    <Display IconFrame="on" IconOpaque="opaque" RunInitForIconRedraw="analyze" IconRotate="none" PortRotate="default" IconUnits="autoscale"/>
    <MaskParameter Evaluate="on" Tunable="on" NeverSave="off" Internal="off" ReadOnly="off" Enabled="on" Visible="on" ToolTip="on"/>
    <DialogControl>
      <ControlOptions Visible="on" Enabled="on" Row="new" HorizontalStretch="on" PromptLocation="top" Orientation="horizontal" Scale="linear" TextType="Plain Text" Expand="off" ShowFilter="on" ShowParameterName="on" WordWrap="on" AlignPrompts="off"/>
    </DialogControl>
  </MaskDefaults>
</BlockDiagramDefaults>
