<?xml version="1.0" encoding="UTF-8"?>
<sltp_editor version="1.1" packageUris="http://schema.mathworks.com/mf0/DiagramEditor/R2019a_20181107 http://schema.mathworks.com/mf0/SltpSyntax/R2023b_202303220000">
  <diagram.editor.model.Diagram type="diagram.editor.model.Diagram" uuid="5c81373b-8105-4c89-af2b-95c83ab0db6b">
    <entities type="diagram.editor.model.Entity" uuid="429e4f78-0fef-4b52-bd53-c43cbbd63204">
      <position>0,0</position>
      <size>0,0,0,0</size>
      <syntaxElement type="sltp.mm.syntax.Node" uuid="14ee5bd3-2b83-4538-8710-68824b7d8367"/>
      <title>Cont</title>
      <type>base</type>
      <subDiagram type="diagram.editor.model.Diagram" uuid="4454449a-9aa6-42d1-9718-7572a97d0c00">
        <position>0,0</position>
        <syntaxElement type="sltp.mm.syntax.Graph" uuid="8b22e111-4529-4afb-9a80-794bd857a050"/>
        <title>Cont</title>
        <type>graph.Graph</type>
      </subDiagram>
    </entities>
    <syntaxElement type="sltp.mm.syntax.Graph" uuid="4cd505f0-6e69-4662-9a31-e7023db2d6ba"/>
    <title>Default</title>
    <type>graph.Graph</type>
  </diagram.editor.model.Diagram>
  <sltp.mm.syntax.Context type="sltp.mm.syntax.Context" uuid="a45667c1-f967-4a61-9a47-9e3749cf6ad3">
    <rootGraph type="sltp.mm.syntax.Graph" uuid="4cd505f0-6e69-4662-9a31-e7023db2d6ba">
      <children type="sltp.mm.syntax.Node" uuid="14ee5bd3-2b83-4538-8710-68824b7d8367">
        <priority>40</priority>
        <rates type="sltp.mm.syntax.RateData">
          <color>#000000</color>
          <hasBlocks>true</hasBlocks>
          <rate>0</rate>
          <title>Cont</title>
        </rates>
        <rates type="sltp.mm.syntax.RateData">
          <color>#ff453a</color>
          <hasBlocks>true</hasBlocks>
          <rate>0.001</rate>
          <title>D1</title>
        </rates>
        <title>Cont</title>
        <type>base</type>
        <diagramElement type="diagram.editor.model.Entity" uuid="429e4f78-0fef-4b52-bd53-c43cbbd63204"/>
        <subgraph type="sltp.mm.syntax.Graph" uuid="8b22e111-4529-4afb-9a80-794bd857a050">
          <title>Cont</title>
          <diagramElement type="diagram.editor.model.Diagram" uuid="4454449a-9aa6-42d1-9718-7572a97d0c00"/>
        </subgraph>
      </children>
      <title>Default</title>
      <diagramElement type="diagram.editor.model.Diagram" uuid="5c81373b-8105-4c89-af2b-95c83ab0db6b"/>
    </rootGraph>
  </sltp.mm.syntax.Context>
</sltp_editor>