<?xml version="1.0" encoding="UTF-8"?>
<sltp_graph version="1.1" packageUris="http://schema.mathworks.com/mf0/sltp_mm/R2023a_202209151115">
  <sltp.mm.core.Context type="sltp.mm.core.Context" uuid="83691c0e-0a78-41ee-8d92-ddc48a3d985d">
    <priorityDirection>HighNumberLast</priorityDirection>
    <defaultEventBehavior type="sltp.mm.core.EventBehavior" uuid="ad97618b-f77a-4da0-be20-2f390073c254"/>
    <editorState type="sltp.mm.core.EditorState" uuid="1d0756ec-a554-46ae-b95f-2ccd9cf73d91">
      <isSynchronized>true</isSynchronized>
      <panelState type="sltp.mm.core.EditorPanelState" uuid="dfc2b678-748e-4542-a2c4-d593f24c51c2"/>
    </editorState>
    <rootTask type="sltp.mm.core.Task" uuid="8bb12e8d-d9e2-4cdd-b561-ab706f5fca9a">
      <context type="sltp.mm.core.Context" uuid="83691c0e-0a78-41ee-8d92-ddc48a3d985d"/>
      <explicit>false</explicit>
      <name>Default</name>
      <priority>-2147483648</priority>
      <subgraph type="sltp.mm.core.Graph" uuid="aad7a5ab-7b38-48a9-967d-6ecb963516bb">
        <tasks type="sltp.mm.core.Task" uuid="5aa79ea8-c717-487e-8dc2-f9c250f821a6">
          <baseTask>true</baseTask>
          <context type="sltp.mm.core.Context" uuid="83691c0e-0a78-41ee-8d92-ddc48a3d985d"/>
          <explicit>false</explicit>
          <id>1</id>
          <isTimed>true</isTimed>
          <name>Cont</name>
          <priority>40</priority>
          <rates type="sltp.mm.core.Rate" uuid="33510901-1686-4ef2-8822-a5e2873ca586">
            <annotation>Cont</annotation>
            <color>255</color>
            <hasBlocks>true</hasBlocks>
            <rateIndex>0</rateIndex>
            <rateSpec type="sltp.mm.core.RateSpec">
              <period>0.0</period>
            </rateSpec>
            <sti>0</sti>
          </rates>
          <rates type="sltp.mm.core.Rate" uuid="ad78a4cf-1577-4f8f-ab2b-01ba148603e7">
            <annotation>D1</annotation>
            <color>-12240129</color>
            <hasBlocks>true</hasBlocks>
            <rateIndex>1</rateIndex>
            <rateSpec type="sltp.mm.core.RateSpec">
              <period>.001</period>
            </rateSpec>
            <sti>1</sti>
          </rates>
        </tasks>
      </subgraph>
    </rootTask>
  </sltp.mm.core.Context>
</sltp_graph>