<?xml version="1.0" encoding="utf-8"?>
<System>
  <P Name="Location">[-1, -7, 1537, 865]</P>
  <P Name="Open">on</P>
  <P Name="PaperType">usletter</P>
  <P Name="PaperUnits">inches</P>
  <P Name="TiledPaperMargins">[0.500000, 0.500000, 0.500000, 0.500000]</P>
  <Block BlockType="Inport" Name="v_vent" SID="237">
    <P Name="Position">[35, 348, 65, 362]</P>
    <P Name="ZOrder">314</P>
  </Block>
  <Block BlockType="Constant" Name="Constant" SID="213">
    <P Name="Position">[590, 20, 675, 50]</P>
    <P Name="ZOrder">307</P>
    <P Name="BlockMirror">on</P>
    <P Name="Value">w_eol_nom</P>
  </Block>
  <Block BlockType="Product" Name="Divide" SID="75">
    <PortCounts in="2" out="1"/>
    <P Name="Position">[1085, 612, 1115, 643]</P>
    <P Name="ZOrder">306</P>
    <P Name="BlockMirror">on</P>
    <P Name="Inputs">*/</P>
    <P Name="InputSameDT">on</P>
    <P Name="OutDataTypeStr">Inherit: Same as first input</P>
    <P Name="RndMeth">Zero</P>
  </Block>
  <Block BlockType="From" Name="From" SID="2">
    <P Name="Position">[20, 581, 140, 609]</P>
    <P Name="ZOrder">61</P>
    <P Name="ShowName">off</P>
    <P Name="CloseFcn">tagdialog Close</P>
    <P Name="GotoTag">Wind_turbine_Power</P>
  </Block>
  <Block BlockType="From" Name="From1" SID="3">
    <P Name="Position">[20, 641, 60, 669]</P>
    <P Name="ZOrder">60</P>
    <P Name="ShowName">off</P>
    <P Name="CloseFcn">tagdialog Close</P>
    <P Name="GotoTag">wT</P>
  </Block>
  <Block BlockType="From" Name="From2" SID="4">
    <P Name="Position">[30, 681, 70, 709]</P>
    <P Name="ZOrder">59</P>
    <P Name="ShowName">off</P>
    <P Name="CloseFcn">tagdialog Close</P>
    <P Name="GotoTag">T_em</P>
  </Block>
  <Block BlockType="Gain" Name="Gain" SID="160">
    <P Name="Position">[1120, 392, 1180, 438]</P>
    <P Name="ZOrder">12</P>
    <P Name="Gain">1/J_eol</P>
    <P Name="ParamDataTypeStr">Inherit: Same as input</P>
    <P Name="OutDataTypeStr">Inherit: Same as input</P>
    <P Name="SaturateOnIntegerOverflow">on</P>
  </Block>
  <Block BlockType="Goto" Name="Goto" SID="202">
    <P Name="Position">[730, 485, 865, 515]</P>
    <P Name="ZOrder">62</P>
    <P Name="GotoTag">Wind_turbine_Power</P>
  </Block>
  <Block BlockType="Goto" Name="Goto1" SID="203">
    <P Name="Position">[985, 215, 1025, 245]</P>
    <P Name="ZOrder">63</P>
    <P Name="BlockMirror">on</P>
    <P Name="GotoTag">wT</P>
  </Block>
  <Block BlockType="Goto" Name="Goto2" SID="204">
    <P Name="Position">[850, 615, 890, 645]</P>
    <P Name="ZOrder">64</P>
    <P Name="BlockMirror">on</P>
    <P Name="GotoTag">T_em</P>
  </Block>
  <Block BlockType="Integrator" Name="Integrator" SID="161">
    <PortCounts in="2" out="1"/>
    <P Name="Position">[1225, 407, 1255, 438]</P>
    <P Name="ZOrder">11</P>
    <P Name="InitialConditionSource">external</P>
  </Block>
  <Block BlockType="Lookup2D" Name="Lookup&#xA;Table (2-D)1" SID="189">
    <P Name="Position">[195, 238, 250, 287]</P>
    <P Name="ZOrder">46</P>
    <P Name="BlockMirror">on</P>
    <P Name="RowIndex">lambda_ref</P>
    <P Name="ColumnIndex">beta_ref</P>
    <P Name="Table">Cp_ref</P>
  </Block>
  <Block BlockType="Lookup" Name="Lookup Table" SID="76">
    <P Name="Position">[1240, 595, 1290, 645]</P>
    <P Name="ZOrder">305</P>
    <P Name="BlockMirror">on</P>
    <P Name="InputValues">omega_tab</P>
    <P Name="Table">P_opt_tab2</P>
  </Block>
  <Block BlockType="SubSystem" Name="Pitch control" SID="218">
    <PortCounts in="2" out="1"/>
    <P Name="Position">[340, 20, 430, 80]</P>
    <P Name="ZOrder">313</P>
    <P Name="BlockMirror">on</P>
    <P Name="ContentPreviewEnabled">on</P>
    <System Ref="system_218"/>
  </Block>
  <Block BlockType="Product" Name="Product" SID="190">
    <PortCounts in="3" out="1"/>
    <P Name="Position">[205, 458, 250, 492]</P>
    <P Name="ZOrder">51</P>
    <P Name="Inputs">3</P>
    <P Name="InputSameDT">on</P>
    <P Name="OutDataTypeStr">Inherit: Same as first input</P>
    <P Name="RndMeth">Zero</P>
    <P Name="SaturateOnIntegerOverflow">on</P>
  </Block>
  <Block BlockType="Product" Name="Product1" SID="191">
    <PortCounts in="2" out="1"/>
    <P Name="Position">[765, 386, 810, 419]</P>
    <P Name="ZOrder">47</P>
    <P Name="Inputs">/*</P>
    <P Name="InputSameDT">on</P>
    <P Name="OutDataTypeStr">Inherit: Same as first input</P>
    <P Name="RndMeth">Zero</P>
    <P Name="SaturateOnIntegerOverflow">on</P>
  </Block>
  <Block BlockType="Product" Name="Product2" SID="192">
    <PortCounts in="2" out="1"/>
    <P Name="Position">[300, 426, 345, 459]</P>
    <P Name="ZOrder">50</P>
    <P Name="InputSameDT">on</P>
    <P Name="OutDataTypeStr">Inherit: Same as first input</P>
    <P Name="RndMeth">Zero</P>
    <P Name="SaturateOnIntegerOverflow">on</P>
  </Block>
  <Block BlockType="Product" Name="Product3" SID="193">
    <PortCounts in="2" out="1"/>
    <P Name="Position">[485, 231, 530, 264]</P>
    <P Name="ZOrder">54</P>
    <P Name="BlockMirror">on</P>
    <P Name="Inputs">/*</P>
    <P Name="InputSameDT">on</P>
    <P Name="OutDataTypeStr">Inherit: Same as first input</P>
    <P Name="RndMeth">Zero</P>
    <P Name="SaturateOnIntegerOverflow">on</P>
  </Block>
  <Block BlockType="Product" Name="Product4" SID="206">
    <PortCounts in="2" out="1"/>
    <P Name="Position">[255, 647, 285, 678]</P>
    <P Name="ZOrder">304</P>
  </Block>
  <Block BlockType="Gain" Name="R_pal" SID="194">
    <P Name="Position">[565, 237, 630, 273]</P>
    <P Name="ZOrder">53</P>
    <P Name="BlockMirror">on</P>
    <P Name="ShowName">off</P>
    <P Name="Gain">R_pal</P>
    <P Name="ParamDataTypeStr">Inherit: Same as input</P>
    <P Name="OutDataTypeStr">Inherit: Same as input</P>
    <P Name="SaturateOnIntegerOverflow">on</P>
  </Block>
  <Block BlockType="Gain" Name="S_pal" SID="195">
    <P Name="Position">[395, 430, 450, 460]</P>
    <P Name="ZOrder">49</P>
    <P Name="Gain">S_pal</P>
    <P Name="ParamDataTypeStr">Inherit: Same as input</P>
    <P Name="OutDataTypeStr">Inherit: Same as input</P>
    <P Name="SaturateOnIntegerOverflow">on</P>
  </Block>
  <Block BlockType="Sum" Name="Sum" SID="162">
    <PortCounts in="2" out="1"/>
    <P Name="Position">[1005, 394, 1030, 436]</P>
    <P Name="ZOrder">10</P>
    <P Name="ShowName">off</P>
    <P Name="IconShape">rectangular</P>
    <P Name="Inputs">+-</P>
    <P Name="OutDataTypeStr">Inherit: Same as first input</P>
    <P Name="InputSameDT">on</P>
    <P Name="SaturateOnIntegerOverflow">on</P>
  </Block>
  <Block BlockType="Scope" Name="Wind Turbine Power" SID="201">
    <PortCounts in="1"/>
    <P Name="Position">[625, 484, 655, 516]</P>
    <P Name="ZOrder">56</P>
    <P Name="BlockMirror">on</P>
    <P Name="NameLocation">left</P>
    <P Name="ScopeSpecificationString">Simulink.scopes.TimeScopeBlockCfg(&apos;CurrentConfiguration&apos;, extmgr.ConfigurationSet(extmgr.Configuration(&apos;Core&apos;,&apos;General UI&apos;,true),extmgr.Configuration(&apos;Core&apos;,&apos;Source UI&apos;,true),extmgr.Configuration(&apos;Sources&apos;,&apos;WiredSimulink&apos;,true,&apos;DataLoggingVariableName&apos;,&apos;ScopeData3&apos;),extmgr.Configuration(&apos;Visuals&apos;,&apos;Time Domain&apos;,true,&apos;SerializedDisplays&apos;,{struct(&apos;MinYLimReal&apos;,&apos;8318.13591&apos;,&apos;MaxYLimReal&apos;,&apos;263665.12868&apos;,&apos;YLabelReal&apos;,&apos;&apos;,&apos;MinYLimMag&apos;,&apos;8318.13591&apos;,&apos;MaxYLimMag&apos;,&apos;263665.12868&apos;,&apos;LegendVisibility&apos;,&apos;off&apos;,&apos;XGrid&apos;,true,&apos;YGrid&apos;,true,&apos;PlotMagPhase&apos;,false,&apos;AxesColor&apos;,[0 0 0],&apos;AxesTickColor&apos;,[0.686274509803922 0.686274509803922 0.686274509803922],&apos;ColorOrder&apos;,[1 1 0.0666666666666667;0.0745098039215686 0.623529411764706 1;1 0.411764705882353 0.16078431372549;0.392156862745098 0.831372549019608 0.0745098039215686;0.717647058823529 0.274509803921569 1;0.0588235294117647 1 1;1 0.0745098039215686 0.650980392156863],&apos;Title&apos;,&apos;%&lt;SignalLabel&gt;&apos;,&apos;LinePropertiesCache&apos;,{{}},&apos;UserDefinedChannelNames&apos;,{{}},&apos;NumLines&apos;,1,&apos;LineNames&apos;,{{&apos;ro_air1&apos;}},&apos;ShowContent&apos;,true,&apos;Placement&apos;,1)},&apos;DisplayPropertyDefaults&apos;,struct(&apos;MinYLimReal&apos;,&apos;8318.13591&apos;,&apos;MaxYLimReal&apos;,&apos;263665.12868&apos;,&apos;YLabelReal&apos;,&apos;&apos;,&apos;MinYLimMag&apos;,&apos;8318.13591&apos;,&apos;MaxYLimMag&apos;,&apos;263665.12868&apos;,&apos;LegendVisibility&apos;,&apos;off&apos;,&apos;XGrid&apos;,true,&apos;YGrid&apos;,true,&apos;PlotMagPhase&apos;,false,&apos;AxesColor&apos;,[0 0 0],&apos;AxesTickColor&apos;,[0.686274509803922 0.686274509803922 0.686274509803922],&apos;ColorOrder&apos;,[0.0745098039215686 0.623529411764706 1;1 0.411764705882353 0.16078431372549;1 1 0.0666666666666667;0.717647058823529 0.274509803921569 1;0.392156862745098 0.831372549019608 0.0745098039215686;0.0588235294117647 1 1;1 0.0745098039215686 0.650980392156863])),extmgr.Configuration(&apos;Tools&apos;,&apos;Plot Navigation&apos;,true),extmgr.Configuration(&apos;Tools&apos;,&apos;Measurements&apos;,true,&apos;Version&apos;,&apos;2021a&apos;)),&apos;Version&apos;,&apos;2023b&apos;)</P>
    <P Name="NumInputPorts">1</P>
    <P Name="Floating">off</P>
  </Block>
  <Block BlockType="Scope" Name="beta" SID="217">
    <PortCounts in="1"/>
    <P Name="Position">[205, 34, 235, 66]</P>
    <P Name="ZOrder">311</P>
    <P Name="BlockMirror">on</P>
    <P Name="ScopeSpecificationString">Simulink.scopes.TimeScopeBlockCfg(&apos;CurrentConfiguration&apos;, extmgr.ConfigurationSet(extmgr.Configuration(&apos;Core&apos;,&apos;General UI&apos;,true),extmgr.Configuration(&apos;Core&apos;,&apos;Source UI&apos;,true),extmgr.Configuration(&apos;Sources&apos;,&apos;WiredSimulink&apos;,true,&apos;DataLoggingVariableName&apos;,&apos;ScopeData4&apos;),extmgr.Configuration(&apos;Visuals&apos;,&apos;Time Domain&apos;,true,&apos;SerializedDisplays&apos;,{struct(&apos;MinYLimReal&apos;,&apos;-1.40555&apos;,&apos;MaxYLimReal&apos;,&apos;12.64997&apos;,&apos;YLabelReal&apos;,&apos;&apos;,&apos;MinYLimMag&apos;,&apos;0.00000&apos;,&apos;MaxYLimMag&apos;,&apos;12.64997&apos;,&apos;LegendVisibility&apos;,&apos;off&apos;,&apos;XGrid&apos;,true,&apos;YGrid&apos;,true,&apos;PlotMagPhase&apos;,false,&apos;AxesColor&apos;,[0 0 0],&apos;AxesTickColor&apos;,[0.686274509803922 0.686274509803922 0.686274509803922],&apos;ColorOrder&apos;,[1 1 0.0666666666666667;0.0745098039215686 0.623529411764706 1;1 0.411764705882353 0.16078431372549;0.392156862745098 0.831372549019608 0.0745098039215686;0.717647058823529 0.274509803921569 1;0.0588235294117647 1 1;1 0.0745098039215686 0.650980392156863],&apos;Title&apos;,&apos;%&lt;SignalLabel&gt;&apos;,&apos;LinePropertiesCache&apos;,{{}},&apos;UserDefinedChannelNames&apos;,{{}},&apos;NumLines&apos;,0,&apos;LineNames&apos;,{{[]}},&apos;ShowContent&apos;,true,&apos;Placement&apos;,1)},&apos;DisplayPropertyDefaults&apos;,struct(&apos;MinYLimReal&apos;,&apos;-1.40555&apos;,&apos;MaxYLimReal&apos;,&apos;12.64997&apos;,&apos;YLabelReal&apos;,&apos;&apos;,&apos;MinYLimMag&apos;,&apos;0.00000&apos;,&apos;MaxYLimMag&apos;,&apos;12.64997&apos;,&apos;LegendVisibility&apos;,&apos;off&apos;,&apos;XGrid&apos;,true,&apos;YGrid&apos;,true,&apos;PlotMagPhase&apos;,false,&apos;AxesColor&apos;,[0 0 0],&apos;AxesTickColor&apos;,[0.686274509803922 0.686274509803922 0.686274509803922],&apos;ColorOrder&apos;,[0.0745098039215686 0.623529411764706 1;1 0.411764705882353 0.16078431372549;1 1 0.0666666666666667;0.717647058823529 0.274509803921569 1;0.392156862745098 0.831372549019608 0.0745098039215686;0.0588235294117647 1 1;1 0.0745098039215686 0.650980392156863])),extmgr.Configuration(&apos;Tools&apos;,&apos;Plot Navigation&apos;,true,&apos;OnceAtStop&apos;,false,&apos;PreviousZoomMode&apos;,&apos;ZoomY&apos;),extmgr.Configuration(&apos;Tools&apos;,&apos;Measurements&apos;,true,&apos;Version&apos;,&apos;2021a&apos;)),&apos;Version&apos;,&apos;2023b&apos;)</P>
    <P Name="NumInputPorts">1</P>
    <P Name="Floating">off</P>
  </Block>
  <Block BlockType="Scope" Name="cp" SID="196">
    <PortCounts in="1"/>
    <P Name="Position">[255, 339, 285, 371]</P>
    <P Name="ZOrder">55</P>
    <P Name="ScopeSpecificationString">Simulink.scopes.TimeScopeBlockCfg(&apos;CurrentConfiguration&apos;, extmgr.ConfigurationSet(extmgr.Configuration(&apos;Core&apos;,&apos;General UI&apos;,true),extmgr.Configuration(&apos;Core&apos;,&apos;Source UI&apos;,true),extmgr.Configuration(&apos;Sources&apos;,&apos;WiredSimulink&apos;,true,&apos;DataLoggingVariableName&apos;,&apos;ScopeData1&apos;,&apos;DataLoggingSaveFormat&apos;,&apos;StructureWithTime&apos;,&apos;DataLoggingDecimation&apos;,&apos;1&apos;,&apos;DataLoggingDecimateData&apos;,true),extmgr.Configuration(&apos;Visuals&apos;,&apos;Time Domain&apos;,true,&apos;SerializedDisplays&apos;,{struct(&apos;MinYLimReal&apos;,&apos;8.99483&apos;,&apos;MaxYLimReal&apos;,&apos;9.0465&apos;,&apos;YLabelReal&apos;,&apos;&apos;,&apos;MinYLimMag&apos;,&apos;8.99483&apos;,&apos;MaxYLimMag&apos;,&apos;9.0465&apos;,&apos;LegendVisibility&apos;,&apos;off&apos;,&apos;XGrid&apos;,true,&apos;YGrid&apos;,true,&apos;PlotMagPhase&apos;,false,&apos;AxesColor&apos;,[0 0 0],&apos;AxesTickColor&apos;,[0.686274509803922 0.686274509803922 0.686274509803922],&apos;ColorOrder&apos;,[1 1 0.0666666666666667;0.0745098039215686 0.623529411764706 1;1 0.411764705882353 0.16078431372549;0.392156862745098 0.831372549019608 0.0745098039215686;0.717647058823529 0.274509803921569 1;0.0588235294117647 1 1;1 0.0745098039215686 0.650980392156863],&apos;Title&apos;,&apos;%&lt;SignalLabel&gt;&apos;,&apos;LinePropertiesCache&apos;,{{}},&apos;UserDefinedChannelNames&apos;,{{}},&apos;NumLines&apos;,1,&apos;LineNames&apos;,{{&apos;Lookup Table (2-D)1&apos;}},&apos;ShowContent&apos;,true,&apos;Placement&apos;,1)},&apos;DisplayPropertyDefaults&apos;,struct(&apos;MinYLimReal&apos;,&apos;8.99483&apos;,&apos;MaxYLimReal&apos;,&apos;9.0465&apos;,&apos;YLabelReal&apos;,&apos;&apos;,&apos;MinYLimMag&apos;,&apos;8.99483&apos;,&apos;MaxYLimMag&apos;,&apos;9.0465&apos;,&apos;LegendVisibility&apos;,&apos;off&apos;,&apos;XGrid&apos;,true,&apos;YGrid&apos;,true,&apos;PlotMagPhase&apos;,false,&apos;AxesColor&apos;,[0 0 0],&apos;AxesTickColor&apos;,[0.686274509803922 0.686274509803922 0.686274509803922],&apos;ColorOrder&apos;,[1 1 0.0666666666666667;0.0745098039215686 0.623529411764706 1;1 0.411764705882353 0.16078431372549;0.392156862745098 0.831372549019608 0.0745098039215686;0.717647058823529 0.274509803921569 1;0.0588235294117647 1 1;1 0.0745098039215686 0.650980392156863],&apos;Title&apos;,&apos;%&lt;SignalLabel&gt;&apos;,&apos;LinePropertiesCache&apos;,{{}},&apos;UserDefinedChannelNames&apos;,{{}},&apos;NumLines&apos;,0,&apos;LineNames&apos;,{{[]}},&apos;ShowContent&apos;,true,&apos;Placement&apos;,1)),extmgr.Configuration(&apos;Tools&apos;,&apos;Plot Navigation&apos;,true,&apos;OnceAtStop&apos;,false),extmgr.Configuration(&apos;Tools&apos;,&apos;Measurements&apos;,true,&apos;Version&apos;,&apos;2023b&apos;)),&apos;Version&apos;,&apos;2023b&apos;,&apos;Location&apos;,[216.333333333333 173.666666666667 713.666666666667 574.333333333333])</P>
    <P Name="NumInputPorts">1</P>
    <P Name="Floating">off</P>
  </Block>
  <Block BlockType="Scope" Name="lambda" SID="197">
    <PortCounts in="1"/>
    <P Name="Position">[370, 189, 400, 221]</P>
    <P Name="ZOrder">42</P>
    <P Name="BlockMirror">on</P>
    <P Name="ScopeSpecificationString">Simulink.scopes.TimeScopeBlockCfg(&apos;CurrentConfiguration&apos;, extmgr.ConfigurationSet(extmgr.Configuration(&apos;Core&apos;,&apos;General UI&apos;,true),extmgr.Configuration(&apos;Core&apos;,&apos;Source UI&apos;,true),extmgr.Configuration(&apos;Sources&apos;,&apos;WiredSimulink&apos;,true,&apos;DataLoggingVariableName&apos;,&apos;ScopeData2&apos;,&apos;DataLoggingSaveFormat&apos;,&apos;StructureWithTime&apos;,&apos;DataLoggingDecimation&apos;,&apos;1&apos;,&apos;DataLoggingDecimateData&apos;,true),extmgr.Configuration(&apos;Visuals&apos;,&apos;Time Domain&apos;,true,&apos;SerializedDisplays&apos;,{struct(&apos;MinYLimReal&apos;,&apos;8.99483&apos;,&apos;MaxYLimReal&apos;,&apos;9.0465&apos;,&apos;YLabelReal&apos;,&apos;&apos;,&apos;MinYLimMag&apos;,&apos;8.99483&apos;,&apos;MaxYLimMag&apos;,&apos;9.0465&apos;,&apos;LegendVisibility&apos;,&apos;off&apos;,&apos;XGrid&apos;,true,&apos;YGrid&apos;,true,&apos;PlotMagPhase&apos;,false,&apos;AxesColor&apos;,[0 0 0],&apos;AxesTickColor&apos;,[0.686274509803922 0.686274509803922 0.686274509803922],&apos;ColorOrder&apos;,[1 1 0.0666666666666667;0.0745098039215686 0.623529411764706 1;1 0.411764705882353 0.16078431372549;0.392156862745098 0.831372549019608 0.0745098039215686;0.717647058823529 0.274509803921569 1;0.0588235294117647 1 1;1 0.0745098039215686 0.650980392156863],&apos;Title&apos;,&apos;%&lt;SignalLabel&gt;&apos;,&apos;LinePropertiesCache&apos;,{{}},&apos;UserDefinedChannelNames&apos;,{{}},&apos;NumLines&apos;,0,&apos;LineNames&apos;,{{[]}},&apos;ShowContent&apos;,true,&apos;Placement&apos;,1)},&apos;DisplayPropertyDefaults&apos;,struct(&apos;MinYLimReal&apos;,&apos;8.99483&apos;,&apos;MaxYLimReal&apos;,&apos;9.0465&apos;,&apos;YLabelReal&apos;,&apos;&apos;,&apos;MinYLimMag&apos;,&apos;8.99483&apos;,&apos;MaxYLimMag&apos;,&apos;9.0465&apos;,&apos;LegendVisibility&apos;,&apos;off&apos;,&apos;XGrid&apos;,true,&apos;YGrid&apos;,true,&apos;PlotMagPhase&apos;,false,&apos;AxesColor&apos;,[0 0 0],&apos;AxesTickColor&apos;,[0.686274509803922 0.686274509803922 0.686274509803922],&apos;ColorOrder&apos;,[1 1 0.0666666666666667;0.0745098039215686 0.623529411764706 1;1 0.411764705882353 0.16078431372549;0.392156862745098 0.831372549019608 0.0745098039215686;0.717647058823529 0.274509803921569 1;0.0588235294117647 1 1;1 0.0745098039215686 0.650980392156863],&apos;Title&apos;,&apos;%&lt;SignalLabel&gt;&apos;,&apos;LinePropertiesCache&apos;,{{}},&apos;UserDefinedChannelNames&apos;,{{}},&apos;NumLines&apos;,0,&apos;LineNames&apos;,{{[]}},&apos;ShowContent&apos;,true,&apos;Placement&apos;,1)),extmgr.Configuration(&apos;Tools&apos;,&apos;Plot Navigation&apos;,true,&apos;OnceAtStop&apos;,false),extmgr.Configuration(&apos;Tools&apos;,&apos;Measurements&apos;,true,&apos;Version&apos;,&apos;2021a&apos;)),&apos;Version&apos;,&apos;2023b&apos;,&apos;Location&apos;,[216.333333333333 173.666666666667 713.666666666667 574.333333333333])</P>
    <P Name="NumInputPorts">1</P>
    <P Name="Floating">off</P>
  </Block>
  <Block BlockType="Scope" Name="omegal  " SID="85">
    <PortCounts in="1"/>
    <P Name="Position">[1175, 170, 1205, 200]</P>
    <P Name="ZOrder">-15</P>
    <P Name="BlockRotation">270</P>
    <P Name="ForegroundColor">red</P>
    <P Name="BackgroundColor">lightBlue</P>
    <P Name="NameLocation">left</P>
    <P Name="ScopeSpecificationString">Simulink.scopes.TimeScopeBlockCfg(&apos;CurrentConfiguration&apos;, extmgr.ConfigurationSet(extmgr.Configuration(&apos;Core&apos;,&apos;General UI&apos;,true),extmgr.Configuration(&apos;Core&apos;,&apos;Source UI&apos;,true),extmgr.Configuration(&apos;Sources&apos;,&apos;WiredSimulink&apos;,true,&apos;DataLogging&apos;,true,&apos;DataLoggingVariableName&apos;,&apos;omega_pal&apos;,&apos;DataLoggingSaveFormat&apos;,&apos;Array&apos;,&apos;DataLoggingMaxPoints&apos;,&apos;2000&apos;,&apos;DataLoggingDecimation&apos;,&apos;1&apos;,&apos;DataLoggingDecimateData&apos;,true),extmgr.Configuration(&apos;Visuals&apos;,&apos;Time Domain&apos;,true,&apos;SerializedDisplays&apos;,{struct(&apos;MinYLimReal&apos;,&apos;2.11567&apos;,&apos;MaxYLimReal&apos;,&apos;3.45896&apos;,&apos;YLabelReal&apos;,&apos;&apos;,&apos;MinYLimMag&apos;,&apos;2.11567&apos;,&apos;MaxYLimMag&apos;,&apos;3.45896&apos;,&apos;LegendVisibility&apos;,&apos;off&apos;,&apos;XGrid&apos;,true,&apos;YGrid&apos;,true,&apos;PlotMagPhase&apos;,false,&apos;AxesColor&apos;,[0 0 0],&apos;AxesTickColor&apos;,[0.686274509803922 0.686274509803922 0.686274509803922],&apos;ColorOrder&apos;,[1 1 0.0666666666666667;0.0745098039215686 0.623529411764706 1;1 0.411764705882353 0.16078431372549;0.392156862745098 0.831372549019608 0.0745098039215686;0.717647058823529 0.274509803921569 1;0.0588235294117647 1 1;1 0.0745098039215686 0.650980392156863],&apos;Title&apos;,&apos;%&lt;SignalLabel&gt;&apos;,&apos;LinePropertiesCache&apos;,{{}},&apos;UserDefinedChannelNames&apos;,{{}},&apos;NumLines&apos;,0,&apos;LineNames&apos;,{{[]}},&apos;ShowContent&apos;,true,&apos;Placement&apos;,1)},&apos;DisplayPropertyDefaults&apos;,struct(&apos;MinYLimReal&apos;,&apos;2.11567&apos;,&apos;MaxYLimReal&apos;,&apos;3.45896&apos;,&apos;YLabelReal&apos;,&apos;&apos;,&apos;MinYLimMag&apos;,&apos;2.11567&apos;,&apos;MaxYLimMag&apos;,&apos;3.45896&apos;,&apos;LegendVisibility&apos;,&apos;off&apos;,&apos;XGrid&apos;,true,&apos;YGrid&apos;,true,&apos;PlotMagPhase&apos;,false,&apos;AxesColor&apos;,[0 0 0],&apos;AxesTickColor&apos;,[0.686274509803922 0.686274509803922 0.686274509803922],&apos;ColorOrder&apos;,[1 1 0.0666666666666667;0.0745098039215686 0.623529411764706 1;1 0.411764705882353 0.16078431372549;0.392156862745098 0.831372549019608 0.0745098039215686;0.717647058823529 0.274509803921569 1;0.0588235294117647 1 1;1 0.0745098039215686 0.650980392156863],&apos;Title&apos;,&apos;%&lt;SignalLabel&gt;&apos;,&apos;LinePropertiesCache&apos;,{{}},&apos;UserDefinedChannelNames&apos;,{{}},&apos;NumLines&apos;,0,&apos;LineNames&apos;,{{[]}},&apos;ShowContent&apos;,true,&apos;Placement&apos;,1),&apos;TimeRangeSamples&apos;,&apos;100&apos;,&apos;TimeRangeFrames&apos;,&apos;100&apos;),extmgr.Configuration(&apos;Tools&apos;,&apos;Plot Navigation&apos;,true,&apos;OnceAtStop&apos;,false),extmgr.Configuration(&apos;Tools&apos;,&apos;Measurements&apos;,true,&apos;Version&apos;,&apos;2021a&apos;)),&apos;Version&apos;,&apos;2023b&apos;,&apos;Location&apos;,[712.333333333333 178.333333333333 1222.33333333333 585])</P>
    <P Name="NumInputPorts">1</P>
    <P Name="Floating">off</P>
  </Block>
  <Block BlockType="Gain" Name="ro_air" SID="198">
    <P Name="Position">[475, 429, 540, 461]</P>
    <P Name="ZOrder">48</P>
    <P Name="Gain">ro_air</P>
    <P Name="ParamDataTypeStr">Inherit: Same as input</P>
    <P Name="OutDataTypeStr">Inherit: Same as input</P>
    <P Name="SaturateOnIntegerOverflow">on</P>
  </Block>
  <Block BlockType="Gain" Name="ro_air1" SID="199">
    <P Name="Position">[590, 429, 655, 461]</P>
    <P Name="ZOrder">52</P>
    <P Name="ShowName">off</P>
    <P Name="HideAutomaticName">off</P>
    <P Name="Gain">1/2</P>
    <P Name="ParamDataTypeStr">Inherit: Same as input</P>
    <P Name="OutDataTypeStr">Inherit: Same as input</P>
    <P Name="SaturateOnIntegerOverflow">on</P>
  </Block>
  <Block BlockType="Constant" Name="v_vent2" SID="163">
    <P Name="Position">[1120, 466, 1185, 494]</P>
    <P Name="ZOrder">9</P>
    <P Name="ShowName">off</P>
    <P Name="Value">2.25</P>
  </Block>
  <Block BlockType="Outport" Name="P_elec" SID="239">
    <P Name="Position">[350, 658, 380, 672]</P>
    <P Name="ZOrder">316</P>
  </Block>
  <Line>
    <P Name="ZOrder">119</P>
    <P Name="Src">162#out:1</P>
    <P Name="Dst">160#in:1</P>
  </Line>
  <Line>
    <P Name="ZOrder">153</P>
    <P Name="Src">199#out:1</P>
    <P Name="Points">[50, 0]</P>
    <Branch>
      <P Name="ZOrder">214</P>
      <P Name="Points">[0, -35]</P>
      <P Name="Dst">191#in:2</P>
    </Branch>
    <Branch>
      <P Name="ZOrder">213</P>
      <P Name="Points">[0, 55]</P>
      <Branch>
        <P Name="ZOrder">217</P>
        <P Name="Dst">201#in:1</P>
      </Branch>
      <Branch>
        <P Name="ZOrder">216</P>
        <P Name="Dst">202#in:1</P>
      </Branch>
    </Branch>
  </Line>
  <Line>
    <P Name="ZOrder">157</P>
    <P Name="Src">192#out:1</P>
    <P Name="Dst">195#in:1</P>
  </Line>
  <Line>
    <P Name="ZOrder">152</P>
    <P Name="Src">194#out:1</P>
    <P Name="Dst">193#in:2</P>
  </Line>
  <Line>
    <P Name="ZOrder">250</P>
    <P Name="Src">237#out:1</P>
    <P Name="Points">[71, 0]</P>
    <Branch>
      <P Name="ZOrder">170</P>
      <P Name="Points">[0, -183; 412, 0; 0, 68]</P>
      <P Name="Dst">193#in:1</P>
    </Branch>
    <Branch>
      <P Name="ZOrder">169</P>
      <P Name="Points">[0, 110]</P>
      <Branch>
        <P Name="ZOrder">168</P>
        <P Name="Points">[0, 10]</P>
        <Branch>
          <P Name="ZOrder">167</P>
          <P Name="Dst">190#in:2</P>
        </Branch>
        <Branch>
          <P Name="ZOrder">166</P>
          <P Name="Points">[0, 10]</P>
          <P Name="Dst">190#in:3</P>
        </Branch>
      </Branch>
      <Branch>
        <P Name="ZOrder">165</P>
        <P Name="Dst">190#in:1</P>
      </Branch>
    </Branch>
  </Line>
  <Line>
    <P Name="ZOrder">156</P>
    <P Name="Src">193#out:1</P>
    <P Name="Points">[-46, 0]</P>
    <Branch>
      <P Name="ZOrder">155</P>
      <P Name="Points">[0, -45]</P>
      <P Name="Dst">197#in:1</P>
    </Branch>
    <Branch>
      <P Name="ZOrder">154</P>
      <P Name="Dst">189#in:1</P>
    </Branch>
  </Line>
  <Line>
    <P Name="ZOrder">204</P>
    <P Name="Src">3#out:1</P>
    <P Name="Dst">206#in:1</P>
  </Line>
  <Line>
    <P Name="ZOrder">243</P>
    <P Name="Src">218#out:1</P>
    <P Name="Points">[-63, 0]</P>
    <Branch>
      <P Name="ZOrder">249</P>
      <P Name="Points">[0, 225]</P>
      <P Name="Dst">189#in:2</P>
    </Branch>
    <Branch>
      <P Name="ZOrder">244</P>
      <P Name="Dst">217#in:1</P>
    </Branch>
  </Line>
  <Line>
    <P Name="ZOrder">241</P>
    <P Name="Src">213#out:1</P>
    <P Name="Dst">218#in:1</P>
  </Line>
  <Line>
    <P Name="ZOrder">160</P>
    <P Name="Src">190#out:1</P>
    <P Name="Points">[20, 0; 0, -25]</P>
    <P Name="Dst">192#in:2</P>
  </Line>
  <Line>
    <P Name="ZOrder">220</P>
    <P Name="Src">76#out:1</P>
    <P Name="Dst">75#in:1</P>
  </Line>
  <Line>
    <P Name="ZOrder">124</P>
    <P Name="Src">161#out:1</P>
    <P Name="Points">[117, 0]</P>
    <Branch>
      <P Name="ZOrder">224</P>
      <P Name="Points">[0, -125; -187, 0]</P>
      <Branch>
        <P Name="ZOrder">186</P>
        <P Name="Points">[0, -70]</P>
        <Branch>
          <P Name="ZOrder">197</P>
          <P Name="Points">[-97, 0]</P>
          <Branch>
            <P Name="ZOrder">242</P>
            <P Name="Points">[0, -165]</P>
            <P Name="Dst">218#in:2</P>
          </Branch>
          <Branch>
            <P Name="ZOrder">230</P>
            <P Name="Dst">203#in:1</P>
          </Branch>
        </Branch>
        <Branch>
          <P Name="ZOrder">76</P>
          <P Name="Dst">85#in:1</P>
        </Branch>
      </Branch>
      <Branch>
        <P Name="ZOrder">179</P>
        <P Name="Points">[-481, 0]</P>
        <Branch>
          <P Name="ZOrder">180</P>
          <P Name="Points">[0, -45]</P>
          <P Name="Dst">194#in:1</P>
        </Branch>
        <Branch>
          <P Name="ZOrder">173</P>
          <P Name="Points">[0, 95]</P>
          <P Name="Dst">191#in:1</P>
        </Branch>
      </Branch>
    </Branch>
    <Branch>
      <P Name="ZOrder">223</P>
      <P Name="Points">[0, 195]</P>
      <Branch>
        <P Name="ZOrder">228</P>
        <P Name="Dst">76#in:1</P>
      </Branch>
      <Branch>
        <P Name="ZOrder">227</P>
        <P Name="Points">[0, 75; -200, 0; 0, -60]</P>
        <P Name="Dst">75#in:2</P>
      </Branch>
    </Branch>
  </Line>
  <Line>
    <P Name="ZOrder">159</P>
    <P Name="Src">195#out:1</P>
    <P Name="Dst">198#in:1</P>
  </Line>
  <Line>
    <P Name="ZOrder">120</P>
    <P Name="Src">163#out:1</P>
    <P Name="Points">[20, 0]</P>
    <P Name="Dst">161#in:2</P>
  </Line>
  <Line>
    <P Name="ZOrder">164</P>
    <P Name="Src">189#out:1</P>
    <P Name="Points">[-15, 0; 0, 90]</P>
    <Branch>
      <P Name="ZOrder">163</P>
      <P Name="Dst">196#in:1</P>
    </Branch>
    <Branch>
      <P Name="ZOrder">162</P>
      <P Name="Points">[0, 80]</P>
      <P Name="Dst">192#in:1</P>
    </Branch>
  </Line>
  <Line>
    <P Name="ZOrder">121</P>
    <P Name="Src">160#out:1</P>
    <P Name="Dst">161#in:1</P>
  </Line>
  <Line>
    <P Name="ZOrder">205</P>
    <P Name="Src">4#out:1</P>
    <P Name="Points">[112, 0; 0, -25]</P>
    <P Name="Dst">206#in:2</P>
  </Line>
  <Line>
    <P Name="ZOrder">225</P>
    <P Name="Src">75#out:1</P>
    <P Name="Points">[-142, 0]</P>
    <Branch>
      <P Name="ZOrder">206</P>
      <P Name="Points">[0, -205]</P>
      <P Name="Dst">162#in:2</P>
    </Branch>
    <Branch>
      <P Name="ZOrder">200</P>
      <P Name="Dst">204#in:1</P>
    </Branch>
  </Line>
  <Line>
    <P Name="ZOrder">158</P>
    <P Name="Src">198#out:1</P>
    <P Name="Dst">199#in:1</P>
  </Line>
  <Line>
    <P Name="ZOrder">181</P>
    <P Name="Src">191#out:1</P>
    <P Name="Points">[-5, 0]</P>
    <P Name="Dst">162#in:1</P>
  </Line>
  <Line>
    <P Name="ZOrder">257</P>
    <P Name="Src">206#out:1</P>
    <P Name="Dst">239#in:1</P>
  </Line>
  <Line>
    <P Name="ZOrder">256</P>
    <P Name="Src">2#out:1</P>
    <P Name="Points">[225, 0; 0, 13]</P>
  </Line>
  <Annotation SID="211">
    <P Name="Position">[958, 541, 1358, 756]</P>
    <P Name="InternalMargins">[0, 0, 0, 0]</P>
    <P Name="FixedHeight">on</P>
    <P Name="FixedWidth">on</P>
    <P Name="HorizontalAlignment">left</P>
    <P Name="VerticalAlignment">top</P>
    <P Name="ForegroundColor">[0.996078, 0.968627, 0.909804]</P>
    <P Name="BackgroundColor">[0.996078, 0.968627, 0.909804]</P>
    <P Name="DropShadow">on</P>
    <P Name="AnnotationType">area_annotation</P>
    <P Name="ZOrder">148</P>
    <P Name="FontSize">12</P>
  </Annotation>
  <Annotation SID="209">
    <P Name="Position">[967, 313, 1337, 513]</P>
    <P Name="InternalMargins">[0, 0, 0, 0]</P>
    <P Name="FixedHeight">on</P>
    <P Name="FixedWidth">on</P>
    <P Name="HorizontalAlignment">left</P>
    <P Name="VerticalAlignment">top</P>
    <P Name="ForegroundColor">[0.956863, 0.980392, 0.921569]</P>
    <P Name="BackgroundColor">[0.956863, 0.980392, 0.921569]</P>
    <P Name="DropShadow">on</P>
    <P Name="AnnotationType">area_annotation</P>
    <P Name="ZOrder">147</P>
    <P Name="FontSize">12</P>
  </Annotation>
  <Annotation SID="208">
    <P Name="Name">&lt;!DOCTYPE HTML PUBLIC &quot;-//W3C//DTD HTML 4.0//EN&quot; &quot;http://www.w3.org/TR/REC-html40/strict.dtd&quot;&gt;
&lt;html&gt;&lt;head&gt;&lt;meta name=&quot;qrichtext&quot; content=&quot;1&quot; /&gt;&lt;style type=&quot;text/css&quot;&gt;
p, li { white-space: pre-wrap; }
&lt;/style&gt;&lt;/head&gt;&lt;body align=&quot;left&quot; style=&quot; font-family:&apos;Helvetica&apos;; font-size:10px; font-weight:400; font-style:normal;&quot;&gt;
&lt;p align=&quot;left&quot; style=&quot; margin-top:0px; margin-bottom:0px; margin-left:0px; margin-right:0px; -qt-block-indent:0; text-indent:0px;&quot;&gt;&lt;span style=&quot; font-family:&apos;MS Shell Dlg 2&apos;; font-size:24px;&quot;&gt;Wind turbine control&lt;/span&gt;&lt;/p&gt;&lt;/body&gt;&lt;/html&gt;</P>
    <P Name="Position">[1016, 708, 1234, 740]</P>
    <P Name="InternalMargins">[0, 0, 0, 0]</P>
    <P Name="HorizontalAlignment">left</P>
    <P Name="VerticalAlignment">top</P>
    <P Name="Interpreter">rich</P>
    <P Name="ZOrder">-3</P>
  </Annotation>
  <Annotation SID="207">
    <P Name="Position">[104, 121, 904, 550]</P>
    <P Name="InternalMargins">[0, 0, 0, 0]</P>
    <P Name="FixedHeight">on</P>
    <P Name="FixedWidth">on</P>
    <P Name="HorizontalAlignment">left</P>
    <P Name="VerticalAlignment">top</P>
    <P Name="ForegroundColor">[0.901961, 0.901961, 1.000000]</P>
    <P Name="BackgroundColor">[0.901961, 0.901961, 1.000000]</P>
    <P Name="DropShadow">on</P>
    <P Name="AnnotationType">area_annotation</P>
    <P Name="ZOrder">146</P>
    <P Name="FontSize">12</P>
  </Annotation>
  <Annotation SID="164">
    <P Name="Name">Mechanical Part</P>
    <P Name="Position">[1088, 442, 1161, 457]</P>
    <P Name="InternalMargins">[0, 0, 0, 0]</P>
    <P Name="HorizontalAlignment">left</P>
    <P Name="VerticalAlignment">top</P>
    <P Name="ZOrder">-5</P>
  </Annotation>
  <Annotation SID="210">
    <P Name="Name">&lt;!DOCTYPE HTML PUBLIC &quot;-//W3C//DTD HTML 4.0//EN&quot; &quot;http://www.w3.org/TR/REC-html40/strict.dtd&quot;&gt;
&lt;html&gt;&lt;head&gt;&lt;meta name=&quot;qrichtext&quot; content=&quot;1&quot; /&gt;&lt;style type=&quot;text/css&quot;&gt;
p, li { white-space: pre-wrap; }
&lt;/style&gt;&lt;/head&gt;&lt;body align=&quot;left&quot; style=&quot; font-family:&apos;Helvetica&apos;; font-size:10px; font-weight:400; font-style:normal;&quot;&gt;
&lt;p align=&quot;left&quot; style=&quot; margin-top:0px; margin-bottom:0px; margin-left:0px; margin-right:0px; -qt-block-indent:0; text-indent:0px;&quot;&gt;&lt;span style=&quot; font-family:&apos;MS Shell Dlg 2&apos;; font-size:24px;&quot;&gt;Wind turbine model&lt;/span&gt;&lt;/p&gt;&lt;/body&gt;&lt;/html&gt;</P>
    <P Name="Position">[615, 173, 825, 205]</P>
    <P Name="InternalMargins">[0, 0, 0, 0]</P>
    <P Name="HorizontalAlignment">left</P>
    <P Name="VerticalAlignment">top</P>
    <P Name="Interpreter">rich</P>
    <P Name="ZOrder">-1</P>
  </Annotation>
  <Annotation SID="212">
    <P Name="Name">&lt;!DOCTYPE HTML PUBLIC &quot;-//W3C//DTD HTML 4.0//EN&quot; &quot;http://www.w3.org/TR/REC-html40/strict.dtd&quot;&gt;
&lt;html&gt;&lt;head&gt;&lt;meta name=&quot;qrichtext&quot; content=&quot;1&quot; /&gt;&lt;style type=&quot;text/css&quot;&gt;
p, li { white-space: pre-wrap; }
&lt;/style&gt;&lt;/head&gt;&lt;body align=&quot;left&quot; style=&quot; font-family:&apos;Helvetica&apos;; font-size:10px; font-weight:400; font-style:normal;&quot;&gt;
&lt;p align=&quot;left&quot; style=&quot; margin-top:0px; margin-bottom:0px; margin-left:0px; margin-right:0px; -qt-block-indent:0; text-indent:0px;&quot;&gt;&lt;span style=&quot; font-family:&apos;MS Shell Dlg 2&apos;; font-size:24px;&quot;&gt;Mechanical Part&lt;/span&gt;&lt;/p&gt;&lt;/body&gt;&lt;/html&gt;</P>
    <P Name="Position">[1102, 355, 1270, 387]</P>
    <P Name="InternalMargins">[0, 0, 0, 0]</P>
    <P Name="HorizontalAlignment">left</P>
    <P Name="VerticalAlignment">top</P>
    <P Name="Interpreter">rich</P>
    <P Name="ZOrder">-3</P>
  </Annotation>
</System>
