<?xml version="1.0" encoding="utf-8"?>
<System>
  <P Name="Location">[30, 30, 1010, 750]</P>
  <P Name="PaperType">usletter</P>
  <P Name="PaperUnits">inches</P>
  <P Name="TiledPaperMargins">[0.500000, 0.500000, 0.500000, 0.500000]</P>
  <P Name="ZoomFactor">69</P>
  <Block BlockType="Inport" Name="In1" SID="219">
    <P Name="Position">[20, 28, 50, 42]</P>
    <P Name="ZOrder">313</P>
  </Block>
  <Block BlockType="Inport" Name="In2" SID="220">
    <P Name="Position">[1220, 228, 1250, 242]</P>
    <P Name="ZOrder">314</P>
    <P Name="Port">2</P>
  </Block>
  <Block BlockType="Gain" Name="Gain1" SID="216">
    <P Name="Position">[320, 20, 350, 50]</P>
    <P Name="ZOrder">310</P>
    <P Name="Gain">-200</P>
  </Block>
  <Block BlockType="Saturate" Name="Saturation" SID="215">
    <P Name="Position">[380, 20, 410, 50]</P>
    <P Name="ZOrder">312</P>
    <P Name="UpperLimit">inf</P>
    <P Name="LowerLimit">0</P>
  </Block>
  <Block BlockType="Sum" Name="Sum1" SID="214">
    <PortCounts in="2" out="1"/>
    <P Name="Position">[110, 25, 130, 45]</P>
    <P Name="ZOrder">308</P>
    <P Name="Inputs">|+-</P>
  </Block>
  <Block BlockType="Outport" Name="Out1" SID="221">
    <P Name="Position">[465, 68, 495, 82]</P>
    <P Name="ZOrder">315</P>
  </Block>
  <Line>
    <P Name="ZOrder">242</P>
    <P Name="Src">220#out:1</P>
    <P Name="Points">[19, 0; 0, -80; -1154, 0]</P>
    <P Name="Dst">214#in:2</P>
  </Line>
  <Line>
    <P Name="ZOrder">235</P>
    <P Name="Src">216#out:1</P>
    <P Name="Dst">215#in:1</P>
  </Line>
  <Line>
    <P Name="ZOrder">239</P>
    <P Name="Src">214#out:1</P>
    <P Name="Points">[-5, 0]</P>
    <P Name="Dst">216#in:1</P>
  </Line>
  <Line>
    <P Name="ZOrder">241</P>
    <P Name="Src">219#out:1</P>
    <P Name="Dst">214#in:1</P>
  </Line>
  <Line>
    <P Name="ZOrder">243</P>
    <P Name="Src">215#out:1</P>
    <P Name="Points">[22, 0; 0, 40]</P>
    <P Name="Dst">221#in:1</P>
  </Line>
</System>
