<?xml version="1.0" encoding="utf-8"?>
<System>
  <P Name="Location">[-1, -7, 1537, 865]</P>
  <P Name="Open">on</P>
  <P Name="ReportName">simulink-default.rpt</P>
  <P Name="SIDHighWatermark">296</P>
  <Block BlockType="Constant" Name="Constant1" SID="88">
    <P Name="Position">[-5, 235, 25, 265]</P>
    <P Name="ZOrder">2</P>
    <P Name="Value">6</P>
  </Block>
  <Block BlockType="Reference" Name="Dynamic Load&#xA;(Three-Phase)" SID="282">
    <PortCounts lconn="3"/>
    <P Name="Position">[840, 290, 920, 370]</P>
    <P Name="ZOrder">34215</P>
    <P Name="LibraryVersion">23002000.3</P>
    <P Name="SourceBlock">ee_lib/Passive/Dynamic Load
(Three-Phase)</P>
    <P Name="SourceType">Dynamic Load
(Three-Phase)</P>
    <InstanceData>
      <P Name="LogSimulationData">off</P>
      <P Name="SourceFile">ee.passive.dynamic_load_3ph.abc</P>
      <P Name="InternalSimscapePortConfiguration">{&quot;Bottom&quot;:[],&quot;Left&quot;:[{&quot;id&quot;:&quot;N&quot;,&quot;label&quot;:&quot;~&quot;,&quot;type&quot;:&quot;foundation.electrical.three_phase&quot;}],&quot;Right&quot;:[],&quot;Top&quot;:[{&quot;id&quot;:&quot;P&quot;,&quot;label&quot;:&quot;P&quot;,&quot;type&quot;:&quot;input&quot;},{&quot;id&quot;:&quot;Q&quot;,&quot;label&quot;:&quot;Q&quot;,&quot;type&quot;:&quot;input&quot;}]}</P>
      <P Name="SscBlockScalableBuild">off</P>
      <P Name="ComponentPath">ee.passive.dynamic_load_3ph.abc</P>
      <P Name="ComponentVariants">[&quot;ee.passive.dynamic_load_3ph.abc&quot;]</P>
      <P Name="ComponentVariantNames">[&quot;&quot;]</P>
      <P Name="ClassName">abc</P>
      <P Name="SchemaVersion">1</P>
      <P Name="port_option">ee.enum.threePhasePort.composite</P>
      <P Name="port_option_unit">1</P>
      <P Name="port_option_conf">compiletime</P>
      <P Name="FRated">60</P>
      <P Name="FRated_unit">Hz</P>
      <P Name="FRated_conf">compiletime</P>
      <P Name="Vline_rms_min">100</P>
      <P Name="Vline_rms_min_unit">V</P>
      <P Name="Vline_rms_min_conf">compiletime</P>
      <P Name="tau">0.01</P>
      <P Name="tau_unit">s</P>
      <P Name="tau_conf">compiletime</P>
      <P Name="Vline_rms_ini">200</P>
      <P Name="Vline_rms_ini_unit">V</P>
      <P Name="Vline_rms_ini_conf">compiletime</P>
      <P Name="Vang_ini">0</P>
      <P Name="Vang_ini_unit">deg</P>
      <P Name="Vang_ini_conf">compiletime</P>
      <P Name="gmin">0</P>
      <P Name="gmin_unit">S</P>
      <P Name="gmin_conf">compiletime</P>
      <P Name="enable_fault">simscape.enum.onoff.off</P>
      <P Name="enable_fault_unit">1</P>
      <P Name="enable_fault_conf">compiletime</P>
      <P Name="fault_action">simscape.enum.assert.action.none</P>
      <P Name="fault_action_unit">1</P>
      <P Name="fault_action_conf">compiletime</P>
      <P Name="t_fault">1</P>
      <P Name="t_fault_unit">s</P>
      <P Name="t_fault_conf">compiletime</P>
      <P Name="open_conductance">1e-4</P>
      <P Name="open_conductance_unit">S</P>
      <P Name="open_conductance_conf">compiletime</P>
    </InstanceData>
    <PortProperties>
      <Port Type="lconn" Index="1">
        <P Name="Rotation">0.0</P>
        <P Name="Position">[836, 330]</P>
      </Port>
      <Port Type="lconn" Index="2">
        <P Name="Rotation">-1.5707963267948966</P>
        <P Name="Position">[860, 286]</P>
      </Port>
      <Port Type="lconn" Index="3">
        <P Name="Rotation">-1.5707963267948966</P>
        <P Name="Position">[900, 286]</P>
      </Port>
    </PortProperties>
  </Block>
  <Block BlockType="Reference" Name="Electrical Reference" SID="293">
    <PortCounts lconn="1"/>
    <P Name="Position">[625, 385, 645, 405]</P>
    <P Name="ZOrder">34226</P>
    <P Name="BlockRotation">270</P>
    <P Name="BlockMirror">on</P>
    <P Name="NameLocation">right</P>
    <P Name="LibraryVersion">23002000.2</P>
    <P Name="SourceBlock">fl_lib/Electrical/Electrical Elements/Electrical Reference</P>
    <P Name="SourceType">Electrical Reference</P>
    <InstanceData>
      <P Name="LogSimulationData">off</P>
      <P Name="SourceFile">foundation.electrical.elements.reference</P>
      <P Name="InternalSimscapePortConfiguration">{&quot;Bottom&quot;:[],&quot;Left&quot;:[{&quot;id&quot;:&quot;V&quot;,&quot;label&quot;:&quot;&quot;,&quot;type&quot;:&quot;foundation.electrical.electrical&quot;}],&quot;Right&quot;:[],&quot;Top&quot;:[]}</P>
      <P Name="SscBlockScalableBuild">off</P>
      <P Name="ComponentPath">foundation.electrical.elements.reference</P>
      <P Name="ComponentVariants">[&quot;foundation.electrical.elements.reference&quot;]</P>
      <P Name="ComponentVariantNames">[&quot;reference&quot;]</P>
      <P Name="ClassName">reference</P>
      <P Name="SchemaVersion">1</P>
    </InstanceData>
  </Block>
  <Block BlockType="Gain" Name="Gain" SID="285">
    <P Name="Position">[660, 245, 690, 275]</P>
    <P Name="ZOrder">34218</P>
    <P Name="Gain">-1</P>
  </Block>
  <Block BlockType="ManualSwitch" Name="Manual Switch" SID="27">
    <P Name="Position">[90, 242, 120, 278]</P>
    <P Name="ZOrder">-6</P>
  </Block>
  <Block BlockType="Reference" Name="PS Constant" SID="286">
    <PortCounts rconn="1"/>
    <P Name="Position">[810, 200, 840, 230]</P>
    <P Name="ZOrder">34219</P>
    <P Name="LibraryVersion">23002000.2</P>
    <P Name="SourceBlock">fl_lib/Physical Signals/Sources/PS Constant</P>
    <P Name="SourceType">PS Constant</P>
    <InstanceData>
      <P Name="LogSimulationData">off</P>
      <P Name="SourceFile">foundation.signal.sources.constant</P>
      <P Name="InternalSimscapePortConfiguration">{&quot;Bottom&quot;:[],&quot;Left&quot;:[],&quot;Right&quot;:[{&quot;id&quot;:&quot;O&quot;,&quot;label&quot;:&quot;&quot;,&quot;type&quot;:&quot;output&quot;}],&quot;Top&quot;:[]}</P>
      <P Name="SscBlockScalableBuild">off</P>
      <P Name="ComponentPath">foundation.signal.sources.constant</P>
      <P Name="ComponentVariants">[&quot;foundation.signal.sources.constant&quot;]</P>
      <P Name="ComponentVariantNames">[&quot;constant&quot;]</P>
      <P Name="ClassName">constant</P>
      <P Name="SchemaVersion">1</P>
      <P Name="constant">0</P>
      <P Name="constant_unit">1</P>
      <P Name="constant_conf">compiletime</P>
    </InstanceData>
  </Block>
  <Block BlockType="Reference" Name="Repeating&#xA;Sequence" SID="95">
    <PortCounts out="1"/>
    <P Name="Position">[5, 310, 35, 340]</P>
    <P Name="ZOrder">8</P>
    <P Name="LibraryVersion">5.1</P>
    <P Name="SourceBlock">simulink/Sources/Repeating
Sequence</P>
    <P Name="SourceType">Repeating table</P>
    <InstanceData>
      <P Name="RTWMemSecFuncInitTerm">Inherit from model</P>
      <P Name="RTWMemSecFuncExecute">Inherit from model</P>
      <P Name="RTWMemSecDataConstants">Inherit from model</P>
      <P Name="RTWMemSecDataInternal">Inherit from model</P>
      <P Name="RTWMemSecDataParameters">Inherit from model</P>
      <P Name="ContentPreviewEnabled">on</P>
      <P Name="rep_seq_t">t_sim</P>
      <P Name="rep_seq_y">wind_speed6</P>
    </InstanceData>
  </Block>
  <Block BlockType="Reference" Name="Simulink-PS&#xA;Converter1" SID="283">
    <PortCounts in="1" rconn="1"/>
    <P Name="Position">[735, 240, 750, 280]</P>
    <P Name="ZOrder">34216</P>
    <P Name="LibraryVersion">7.0</P>
    <P Name="SourceBlock">nesl_utility/Simulink-PS
Converter</P>
    <P Name="SourceType">Simulink-PS
Converter</P>
    <InstanceData>
      <P Name="RTWMemSecFuncInitTerm">Inherit from model</P>
      <P Name="RTWMemSecFuncExecute">Inherit from model</P>
      <P Name="RTWMemSecDataConstants">Inherit from model</P>
      <P Name="RTWMemSecDataInternal">Inherit from model</P>
      <P Name="RTWMemSecDataParameters">Inherit from model</P>
      <P Name="ContentPreviewEnabled">on</P>
      <P Name="PhysicalDomain">network_engine_domain</P>
      <P Name="SubClassName">ps_input</P>
      <P Name="LeftPortType">input</P>
      <P Name="RightPortType">output</P>
      <P Name="PseudoPeriodic">off</P>
      <P Name="Frequencies">[]</P>
      <P Name="NoiseDistribution">none</P>
      <P Name="NoiseParameters">[]</P>
      <P Name="Unit">1</P>
      <P Name="AffineConversion">off</P>
      <P Name="FilteringAndDerivatives">filter</P>
      <P Name="SimscapeFilterOrder">1</P>
      <P Name="InputFilterTimeConstant">0.001</P>
      <P Name="UdotUserProvided">0</P>
    </InstanceData>
  </Block>
  <Block BlockType="Reference" Name="Solver&#xA;Configuration" SID="292">
    <PortCounts rconn="1"/>
    <P Name="Position">[735, 449, 780, 481]</P>
    <P Name="ZOrder">34225</P>
    <P Name="LibraryVersion">7.0</P>
    <P Name="SourceBlock">nesl_utility/Solver
Configuration</P>
    <P Name="SourceType">Solver
Configuration</P>
    <InstanceData>
      <P Name="RTWMemSecFuncInitTerm">Inherit from model</P>
      <P Name="RTWMemSecFuncExecute">Inherit from model</P>
      <P Name="RTWMemSecDataConstants">Inherit from model</P>
      <P Name="RTWMemSecDataInternal">Inherit from model</P>
      <P Name="RTWMemSecDataParameters">Inherit from model</P>
      <P Name="ContentPreviewEnabled">on</P>
      <P Name="PhysicalDomain">network_engine_domain</P>
      <P Name="SubClassName">solver</P>
      <P Name="LeftPortType">input</P>
      <P Name="RightPortType">generic</P>
      <P Name="Tones">[]</P>
      <P Name="Harmonics">[]</P>
      <P Name="SimulateNoise">off</P>
      <P Name="Profile">off</P>
      <P Name="UseLocalSampling">off</P>
      <P Name="EnableSwitchedLinearOptims">on</P>
      <P Name="FrequencyDomain">off</P>
      <P Name="UseCCode">off</P>
      <P Name="RelTol">0.001</P>
      <P Name="AbsTol">0.001</P>
      <P Name="MinStep">1e-09</P>
      <P Name="ToWorkspace">off</P>
      <P Name="RevertToSquareIcSolve">off</P>
      <P Name="NumHomotopyIterations">100</P>
      <P Name="PhasorMode">off</P>
      <P Name="PhasorModeNumHarmonics">1</P>
      <P Name="ConsistencySolver">NEWTON_XTOL_AFTER_FTOL</P>
      <P Name="IndexReductionMethod">DerivativeReplacement</P>
      <P Name="DoDC">off</P>
      <P Name="ResidualTolerance">1e-09</P>
      <P Name="ConsistencyTolSource">GLOBAL</P>
      <P Name="ConsistencyAbsTol">0.001</P>
      <P Name="ConsistencyRelTol">0.001</P>
      <P Name="ConsistencyTolFactor">0.001</P>
      <P Name="UseLocalSolver">off</P>
      <P Name="LocalSolverChoice">NE_BACKWARD_EULER_ADVANCER</P>
      <P Name="ResolveIndetEquations">on</P>
      <P Name="FunctionEvalNumThread">1</P>
      <P Name="LocalSolverSampleTime">0.001</P>
      <P Name="DoFixedCost">off</P>
      <P Name="MaxNonlinIter">3</P>
      <P Name="MaxModeIter">2</P>
      <P Name="ComputeImpulses">off</P>
      <P Name="ImpulseIterations">2</P>
      <P Name="LinearAlgebra">auto</P>
      <P Name="LinearAlgebraNumThread">0</P>
      <P Name="EquationFormulation">NE_TIME_EF</P>
      <P Name="DelaysMemoryBudget">1024</P>
      <P Name="AutomaticFiltering">on</P>
      <P Name="FilteringTimeConstant">0.001</P>
      <P Name="PartitionStorageMethod">AS_NEEDED</P>
      <P Name="PartitionMemoryBudget">1024</P>
      <P Name="PartitionMethod">ROBUST</P>
      <P Name="MultibodyUseLocalSolver">off</P>
      <P Name="MultibodyLocalSolverChoice">ODE1</P>
      <P Name="MultibodyLocalSolverSampleTime">0.001</P>
    </InstanceData>
  </Block>
  <Block BlockType="Reference" Name="Voltage&#xA;Source&#xA;(Three-Phase)" SID="290">
    <PortCounts lconn="1" rconn="1"/>
    <P Name="Position">[680, 325, 760, 405]</P>
    <P Name="ZOrder">34223</P>
    <P Name="LibraryVersion">23002000.3</P>
    <P Name="SourceBlock">ee_lib/Sources/Voltage
Source
(Three-Phase)</P>
    <P Name="SourceType">Voltage
Source
(Three-Phase)</P>
    <InstanceData>
      <P Name="LogSimulationData">off</P>
      <P Name="SourceFile">ee.sources.voltage.abc</P>
      <P Name="InternalSimscapePortConfiguration">{&quot;Bottom&quot;:[],&quot;Left&quot;:[{&quot;id&quot;:&quot;n&quot;,&quot;label&quot;:&quot;n&quot;,&quot;type&quot;:&quot;foundation.electrical.electrical&quot;}],&quot;Right&quot;:[{&quot;id&quot;:&quot;N&quot;,&quot;label&quot;:&quot;~&quot;,&quot;type&quot;:&quot;foundation.electrical.three_phase&quot;}],&quot;Top&quot;:[]}</P>
      <P Name="SscBlockScalableBuild">off</P>
      <P Name="ComponentPath">ee.sources.voltage.abc</P>
      <P Name="ComponentVariants">[&quot;ee.sources.voltage.abc&quot;,&quot;ee.sources.voltage.Xabc&quot;]</P>
      <P Name="ComponentVariantNames">[&quot;physmod:ee:library:comments:sources:voltages_sscx:compositeThreephasePorts&quot;,&quot;physmod:ee:library:comments:sources:voltages_sscx:expandedThreephasePorts&quot;]</P>
      <P Name="ClassName">Simscape variant</P>
      <P Name="SchemaVersion">1</P>
      <P Name="vline_rms">sqrt(3) * 100 / sqrt(2)</P>
      <P Name="vline_rms_unit">V</P>
      <P Name="vline_rms_conf">compiletime</P>
      <P Name="shift">0</P>
      <P Name="shift_unit">deg</P>
      <P Name="shift_conf">compiletime</P>
      <P Name="freq">60</P>
      <P Name="freq_unit">Hz</P>
      <P Name="freq_conf">compiletime</P>
      <P Name="impedance_option">1</P>
      <P Name="impedance_option_unit">1</P>
      <P Name="impedance_option_conf">compiletime</P>
      <P Name="SShortCircuit">1e6</P>
      <P Name="SShortCircuit_unit">A*V</P>
      <P Name="SShortCircuit_conf">compiletime</P>
      <P Name="XR">15</P>
      <P Name="XR_unit">1</P>
      <P Name="XR_conf">compiletime</P>
      <P Name="R">0.01</P>
      <P Name="R_unit">Ohm</P>
      <P Name="R_conf">compiletime</P>
      <P Name="L">3.97e-4</P>
      <P Name="L_unit">H</P>
      <P Name="L_conf">compiletime</P>
      <P Name="harmonic_option">0</P>
      <P Name="harmonic_option_unit">1</P>
      <P Name="harmonic_option_conf">compiletime</P>
      <P Name="harmonic_orders">[5, 7, 11, 13]</P>
      <P Name="harmonic_orders_unit">1</P>
      <P Name="harmonic_orders_conf">compiletime</P>
      <P Name="harmonic_ratios">[.1, .1, .1, .1]</P>
      <P Name="harmonic_ratios_unit">1</P>
      <P Name="harmonic_ratios_conf">compiletime</P>
      <P Name="G_parasitic">0</P>
      <P Name="G_parasitic_unit">1/Ohm</P>
      <P Name="G_parasitic_conf">compiletime</P>
      <P Name="I_specify">off</P>
      <P Name="I_priority">None</P>
      <P Name="I">[0, 0, 0]</P>
      <P Name="I_unit">A</P>
      <P Name="I_nominal_specify">off</P>
      <P Name="I_nominal_unit">A</P>
      <P Name="I_nominal_value">1</P>
    </InstanceData>
  </Block>
  <Block BlockType="SubSystem" Name="Wind turbine" SID="236">
    <PortCounts in="1" out="1"/>
    <P Name="Position">[185, 134, 570, 386]</P>
    <P Name="ZOrder">318</P>
    <P Name="ContentPreviewEnabled">on</P>
    <System Ref="system_236"/>
  </Block>
  <Block BlockType="Scope" Name="v_vent " SID="86">
    <PortCounts in="1"/>
    <P Name="Position">[110, 185, 140, 215]</P>
    <P Name="ZOrder">-16</P>
    <P Name="BlockRotation">270</P>
    <P Name="ForegroundColor">red</P>
    <P Name="BackgroundColor">lightBlue</P>
    <P Name="NameLocation">left</P>
    <P Name="ScopeSpecificationString">Simulink.scopes.TimeScopeBlockCfg(&apos;CurrentConfiguration&apos;, extmgr.ConfigurationSet(extmgr.Configuration(&apos;Core&apos;,&apos;General UI&apos;,true),extmgr.Configuration(&apos;Core&apos;,&apos;Source UI&apos;,true),extmgr.Configuration(&apos;Sources&apos;,&apos;WiredSimulink&apos;,true,&apos;DataLoggingVariableName&apos;,&apos;wind_speed&apos;,&apos;DataLoggingSaveFormat&apos;,&apos;Array&apos;,&apos;DataLoggingMaxPoints&apos;,&apos;2000&apos;,&apos;DataLoggingDecimation&apos;,&apos;100&apos;,&apos;DataLoggingDecimateData&apos;,true,&apos;DataLogging&apos;,true),extmgr.Configuration(&apos;Visuals&apos;,&apos;Time Domain&apos;,true,&apos;SerializedDisplays&apos;,{struct(&apos;MinYLimReal&apos;,&apos;4.70401&apos;,&apos;MaxYLimReal&apos;,&apos;11.56285&apos;,&apos;YLabelReal&apos;,&apos;&apos;,&apos;MinYLimMag&apos;,&apos;4.70401&apos;,&apos;MaxYLimMag&apos;,&apos;11.56285&apos;,&apos;LegendVisibility&apos;,&apos;Off&apos;,&apos;XGrid&apos;,true,&apos;YGrid&apos;,true,&apos;PlotMagPhase&apos;,false,&apos;AxesColor&apos;,[0 0 0],&apos;AxesTickColor&apos;,[0.686274509803922 0.686274509803922 0.686274509803922],&apos;ColorOrder&apos;,[1 1 0.0666666666666667;0.0745098039215686 0.623529411764706 1;1 0.411764705882353 0.16078431372549;0.392156862745098 0.831372549019608 0.0745098039215686;0.717647058823529 0.274509803921569 1;0.0588235294117647 1 1;1 0.0745098039215686 0.650980392156863],&apos;Title&apos;,&apos;%&lt;SignalLabel&gt;&apos;,&apos;LinePropertiesCache&apos;,{{}},&apos;UserDefinedChannelNames&apos;,{{}},&apos;NumLines&apos;,0,&apos;LineNames&apos;,{{[]}},&apos;ShowContent&apos;,true,&apos;Placement&apos;,1)},&apos;DisplayPropertyDefaults&apos;,struct(&apos;MinYLimReal&apos;,&apos;4.70401&apos;,&apos;MaxYLimReal&apos;,&apos;11.56285&apos;,&apos;YLabelReal&apos;,&apos;&apos;,&apos;MinYLimMag&apos;,&apos;4.70401&apos;,&apos;MaxYLimMag&apos;,&apos;11.56285&apos;,&apos;LegendVisibility&apos;,&apos;Off&apos;,&apos;XGrid&apos;,true,&apos;YGrid&apos;,true,&apos;PlotMagPhase&apos;,false,&apos;AxesColor&apos;,[0 0 0],&apos;AxesTickColor&apos;,[0.686274509803922 0.686274509803922 0.686274509803922],&apos;ColorOrder&apos;,[1 1 0.0666666666666667;0.0745098039215686 0.623529411764706 1;1 0.411764705882353 0.16078431372549;0.392156862745098 0.831372549019608 0.0745098039215686;0.717647058823529 0.274509803921569 1;0.0588235294117647 1 1;1 0.0745098039215686 0.650980392156863],&apos;Title&apos;,&apos;%&lt;SignalLabel&gt;&apos;,&apos;LinePropertiesCache&apos;,{{}},&apos;UserDefinedChannelNames&apos;,{{}},&apos;NumLines&apos;,0,&apos;LineNames&apos;,{{[]}},&apos;ShowContent&apos;,true,&apos;Placement&apos;,1),&apos;TimeRangeSamples&apos;,&apos;100&apos;,&apos;TimeRangeFrames&apos;,&apos;100&apos;),extmgr.Configuration(&apos;Tools&apos;,&apos;Plot Navigation&apos;,true,&apos;OnceAtStop&apos;,false,&apos;PreviousAutoscale&apos;,&apos;XY&apos;),extmgr.Configuration(&apos;Tools&apos;,&apos;Measurements&apos;,true,&apos;Version&apos;,&apos;2021a&apos;)),&apos;Version&apos;,&apos;2023b&apos;,&apos;Location&apos;,[252 155.333333333333 1027.33333333333 564])</P>
    <P Name="NumInputPorts">1</P>
    <P Name="Floating">off</P>
  </Block>
  <Line>
    <P Name="ZOrder">93</P>
    <P Name="Src">88#out:1</P>
    <P Name="Points">[-5, 0]</P>
    <P Name="Dst">27#in:1</P>
  </Line>
  <Line>
    <P Name="ZOrder">66</P>
    <P Name="Src">95#out:1</P>
    <P Name="Points">[-5, 0; 26, 0; 0, -55]</P>
    <P Name="Dst">27#in:2</P>
  </Line>
  <Line>
    <P Name="ZOrder">4</P>
    <P Name="Src">27#out:1</P>
    <P Name="Points">[0, 0]</P>
    <Branch>
      <P Name="ZOrder">456</P>
      <P Name="Dst">236#in:1</P>
    </Branch>
    <Branch>
      <P Name="ZOrder">177</P>
      <P Name="Dst">86#in:1</P>
    </Branch>
  </Line>
  <Line LineType="Connection">
    <P Name="FontName">Helvetica</P>
    <P Name="FontSize">9</P>
    <P Name="FontWeight">normal</P>
    <P Name="FontAngle">normal</P>
    <P Name="ZOrder">500</P>
    <P Name="Src">283#rconn:1</P>
    <P Name="Points">[95, 0]</P>
    <P Name="Dst">282#lconn:2</P>
  </Line>
  <Line>
    <P Name="ZOrder">507</P>
    <P Name="Src">236#out:1</P>
    <P Name="Dst">285#in:1</P>
  </Line>
  <Line>
    <P Name="ZOrder">519</P>
    <P Name="Src">285#out:1</P>
    <P Name="Dst">283#in:1</P>
  </Line>
  <Line LineType="Connection">
    <P Name="ZOrder">520</P>
    <P Name="Src">286#rconn:1</P>
    <P Name="Points">[45, 0]</P>
    <P Name="Dst">282#lconn:3</P>
  </Line>
  <Line LineType="Connection">
    <P Name="ZOrder">522</P>
    <P Name="Src">282#lconn:1</P>
    <P Name="Points">[0, 35]</P>
    <Branch ConnectType="DEST_DEST">
      <P Name="Src">292#rconn:1</P>
      <P Name="Points">[30, 0; 0, -100]</P>
    </Branch>
    <Branch ConnectType="DEST_SRC">
      <P Name="Dst">290#rconn:1</P>
    </Branch>
  </Line>
  <Line LineType="Connection">
    <P Name="ZOrder">526</P>
    <P Name="Src">293#lconn:1</P>
    <P Name="Points">[0, -5]</P>
    <P Name="Dst">290#lconn:1</P>
  </Line>
</System>
